image_path,feature_path,label,user_id,video_path
Processed Dataset/ProcessedHandGesture/CurtainGesture/Hamad/CGH1.png,Features/EffB7/HandGesture/CurtainGesture/Hamad/CGH1.npy,curtain,hamad,Dataset\HandGesture\CurtainGesture\Hamad\CGH1
Processed Dataset/ProcessedHandGesture/CurtainGesture/Hamad/CGH2.png,Features/EffB7/HandGesture/CurtainGesture/Hamad/CGH2.npy,curtain,hamad,Dataset\HandGesture\CurtainGesture\Hamad\CGH2
Processed Dataset/ProcessedHandGesture/CurtainGesture/Hamad/CGH3.png,Features/EffB7/HandGesture/CurtainGesture/Hamad/CGH3.npy,curtain,hamad,Dataset\HandGesture\CurtainGesture\Hamad\CGH3
Processed Dataset/ProcessedHandGesture/CurtainGesture/Hamad/CGH4.png,Features/EffB7/HandGesture/CurtainGesture/Hamad/CGH4.npy,curtain,hamad,Dataset\HandGesture\CurtainGesture\Hamad\CGH4
Processed Dataset/ProcessedHandGesture/CurtainGesture/Hamad/CGH5.png,Features/EffB7/HandGesture/CurtainGesture/Hamad/CGH5.npy,curtain,hamad,Dataset\HandGesture\CurtainGesture\Hamad\CGH5
Processed Dataset/ProcessedHandGesture/CurtainGesture/Hamad/CGH6.png,Features/EffB7/HandGesture/CurtainGesture/Hamad/CGH6.npy,curtain,hamad,Dataset\HandGesture\CurtainGesture\Hamad\CGH6
Processed Dataset/ProcessedHandGesture/CurtainGesture/Hamad/CGH7.png,Features/EffB7/HandGesture/CurtainGesture/Hamad/CGH7.npy,curtain,hamad,Dataset\HandGesture\CurtainGesture\Hamad\CGH7
Processed Dataset/ProcessedHandGesture/CurtainGesture/Hamad/CGH8.png,Features/EffB7/HandGesture/CurtainGesture/Hamad/CGH8.npy,curtain,hamad,Dataset\HandGesture\CurtainGesture\Hamad\CGH8
Processed Dataset/ProcessedHandGesture/CurtainGesture/Hamad/CGH9.png,Features/EffB7/HandGesture/CurtainGesture/Hamad/CGH9.npy,curtain,hamad,Dataset\HandGesture\CurtainGesture\Hamad\CGH9
Processed Dataset/ProcessedHandGesture/CurtainGesture/Hamad/CGH10.png,Features/EffB7/HandGesture/CurtainGesture/Hamad/CGH10.npy,curtain,hamad,Dataset\HandGesture\CurtainGesture\Hamad\CGH10
Processed Dataset/ProcessedHandGesture/CurtainGesture/Mohammad/CGM1.png,Features/EffB7/HandGesture/CurtainGesture/Mohammad/CGM1.npy,curtain,mohammad,Dataset\HandGesture\CurtainGesture\Mohammad\CGM1
Processed Dataset/ProcessedHandGesture/CurtainGesture/Mohammad/CGM2.png,Features/EffB7/HandGesture/CurtainGesture/Mohammad/CGM2.npy,curtain,mohammad,Dataset\HandGesture\CurtainGesture\Mohammad\CGM2
Processed Dataset/ProcessedHandGesture/CurtainGesture/Mohammad/CGM3.png,Features/EffB7/HandGesture/CurtainGesture/Mohammad/CGM3.npy,curtain,mohammad,Dataset\HandGesture\CurtainGesture\Mohammad\CGM3
Processed Dataset/ProcessedHandGesture/CurtainGesture/Mohammad/CGM4.png,Features/EffB7/HandGesture/CurtainGesture/Mohammad/CGM4.npy,curtain,mohammad,Dataset\HandGesture\CurtainGesture\Mohammad\CGM4
Processed Dataset/ProcessedHandGesture/CurtainGesture/Mohammad/CGM5.png,Features/EffB7/HandGesture/CurtainGesture/Mohammad/CGM5.npy,curtain,mohammad,Dataset\HandGesture\CurtainGesture\Mohammad\CGM5
Processed Dataset/ProcessedHandGesture/CurtainGesture/Mohammad/CGM6.png,Features/EffB7/HandGesture/CurtainGesture/Mohammad/CGM6.npy,curtain,mohammad,Dataset\HandGesture\CurtainGesture\Mohammad\CGM6
Processed Dataset/ProcessedHandGesture/CurtainGesture/Mohammad/CGM7.png,Features/EffB7/HandGesture/CurtainGesture/Mohammad/CGM7.npy,curtain,mohammad,Dataset\HandGesture\CurtainGesture\Mohammad\CGM7
Processed Dataset/ProcessedHandGesture/CurtainGesture/Mohammad/CGM8.png,Features/EffB7/HandGesture/CurtainGesture/Mohammad/CGM8.npy,curtain,mohammad,Dataset\HandGesture\CurtainGesture\Mohammad\CGM8
Processed Dataset/ProcessedHandGesture/CurtainGesture/Mohammad/CGM9.png,Features/EffB7/HandGesture/CurtainGesture/Mohammad/CGM9.npy,curtain,mohammad,Dataset\HandGesture\CurtainGesture\Mohammad\CGM9
Processed Dataset/ProcessedHandGesture/CurtainGesture/Mohammad/CGM10.png,Features/EffB7/HandGesture/CurtainGesture/Mohammad/CGM10.npy,curtain,mohammad,Dataset\HandGesture\CurtainGesture\Mohammad\CGM10
Processed Dataset/ProcessedHandGesture/CurtainGesture/Obaid/CGO1.png,Features/EffB7/HandGesture/CurtainGesture/Obaid/CGO1.npy,curtain,obaid,Dataset\HandGesture\CurtainGesture\Obaid\CGO1
Processed Dataset/ProcessedHandGesture/CurtainGesture/Obaid/CGO2.png,Features/EffB7/HandGesture/CurtainGesture/Obaid/CGO2.npy,curtain,obaid,Dataset\HandGesture\CurtainGesture\Obaid\CGO2
Processed Dataset/ProcessedHandGesture/CurtainGesture/Obaid/CGO3.png,Features/EffB7/HandGesture/CurtainGesture/Obaid/CGO3.npy,curtain,obaid,Dataset\HandGesture\CurtainGesture\Obaid\CGO3
Processed Dataset/ProcessedHandGesture/CurtainGesture/Obaid/CGO4.png,Features/EffB7/HandGesture/CurtainGesture/Obaid/CGO4.npy,curtain,obaid,Dataset\HandGesture\CurtainGesture\Obaid\CGO4
Processed Dataset/ProcessedHandGesture/CurtainGesture/Obaid/CGO5.png,Features/EffB7/HandGesture/CurtainGesture/Obaid/CGO5.npy,curtain,obaid,Dataset\HandGesture\CurtainGesture\Obaid\CGO5
Processed Dataset/ProcessedHandGesture/CurtainGesture/Obaid/CGO6.png,Features/EffB7/HandGesture/CurtainGesture/Obaid/CGO6.npy,curtain,obaid,Dataset\HandGesture\CurtainGesture\Obaid\CGO6
Processed Dataset/ProcessedHandGesture/CurtainGesture/Obaid/CGO7.png,Features/EffB7/HandGesture/CurtainGesture/Obaid/CGO7.npy,curtain,obaid,Dataset\HandGesture\CurtainGesture\Obaid\CGO7
Processed Dataset/ProcessedHandGesture/CurtainGesture/Obaid/CGO8.png,Features/EffB7/HandGesture/CurtainGesture/Obaid/CGO8.npy,curtain,obaid,Dataset\HandGesture\CurtainGesture\Obaid\CGO8
Processed Dataset/ProcessedHandGesture/CurtainGesture/Obaid/CGO9.png,Features/EffB7/HandGesture/CurtainGesture/Obaid/CGO9.npy,curtain,obaid,Dataset\HandGesture\CurtainGesture\Obaid\CGO9
Processed Dataset/ProcessedHandGesture/CurtainGesture/Obaid/CGO10.png,Features/EffB7/HandGesture/CurtainGesture/Obaid/CGO10.npy,curtain,obaid,Dataset\HandGesture\CurtainGesture\Obaid\CGO10
Processed Dataset/ProcessedHandGesture/CurtainGesture/Saif/CGS1.png,Features/EffB7/HandGesture/CurtainGesture/Saif/CGS1.npy,curtain,saif,Dataset\HandGesture\CurtainGesture\Saif\CGS1
Processed Dataset/ProcessedHandGesture/CurtainGesture/Saif/CGS2.png,Features/EffB7/HandGesture/CurtainGesture/Saif/CGS2.npy,curtain,saif,Dataset\HandGesture\CurtainGesture\Saif\CGS2
Processed Dataset/ProcessedHandGesture/CurtainGesture/Saif/CGS3.png,Features/EffB7/HandGesture/CurtainGesture/Saif/CGS3.npy,curtain,saif,Dataset\HandGesture\CurtainGesture\Saif\CGS3
Processed Dataset/ProcessedHandGesture/CurtainGesture/Saif/CGS4.png,Features/EffB7/HandGesture/CurtainGesture/Saif/CGS4.npy,curtain,saif,Dataset\HandGesture\CurtainGesture\Saif\CGS4
Processed Dataset/ProcessedHandGesture/CurtainGesture/Saif/CGS5.png,Features/EffB7/HandGesture/CurtainGesture/Saif/CGS5.npy,curtain,saif,Dataset\HandGesture\CurtainGesture\Saif\CGS5
Processed Dataset/ProcessedHandGesture/CurtainGesture/Saif/CGS6.png,Features/EffB7/HandGesture/CurtainGesture/Saif/CGS6.npy,curtain,saif,Dataset\HandGesture\CurtainGesture\Saif\CGS6
Processed Dataset/ProcessedHandGesture/CurtainGesture/Saif/CGS7.png,Features/EffB7/HandGesture/CurtainGesture/Saif/CGS7.npy,curtain,saif,Dataset\HandGesture\CurtainGesture\Saif\CGS7
Processed Dataset/ProcessedHandGesture/CurtainGesture/Saif/CGS8.png,Features/EffB7/HandGesture/CurtainGesture/Saif/CGS8.npy,curtain,saif,Dataset\HandGesture\CurtainGesture\Saif\CGS8
Processed Dataset/ProcessedHandGesture/CurtainGesture/Saif/CGS9.png,Features/EffB7/HandGesture/CurtainGesture/Saif/CGS9.npy,curtain,saif,Dataset\HandGesture\CurtainGesture\Saif\CGS9
Processed Dataset/ProcessedHandGesture/CurtainGesture/Saif/CGS10.png,Features/EffB7/HandGesture/CurtainGesture/Saif/CGS10.npy,curtain,saif,Dataset\HandGesture\CurtainGesture\Saif\CGS10
Processed Dataset/ProcessedHandGesture/FanGesture/Hamad/FGH1.png,Features/EffB7/HandGesture/FanGesture/Hamad/FGH1.npy,fan,hamad,Dataset\HandGesture\FanGesture\Hamad\FGH1
Processed Dataset/ProcessedHandGesture/FanGesture/Hamad/FGH2.png,Features/EffB7/HandGesture/FanGesture/Hamad/FGH2.npy,fan,hamad,Dataset\HandGesture\FanGesture\Hamad\FGH2
Processed Dataset/ProcessedHandGesture/FanGesture/Hamad/FGH3.png,Features/EffB7/HandGesture/FanGesture/Hamad/FGH3.npy,fan,hamad,Dataset\HandGesture\FanGesture\Hamad\FGH3
Processed Dataset/ProcessedHandGesture/FanGesture/Hamad/FGH4.png,Features/EffB7/HandGesture/FanGesture/Hamad/FGH4.npy,fan,hamad,Dataset\HandGesture\FanGesture\Hamad\FGH4
Processed Dataset/ProcessedHandGesture/FanGesture/Hamad/FGH5.png,Features/EffB7/HandGesture/FanGesture/Hamad/FGH5.npy,fan,hamad,Dataset\HandGesture\FanGesture\Hamad\FGH5
Processed Dataset/ProcessedHandGesture/FanGesture/Hamad/FGH6.png,Features/EffB7/HandGesture/FanGesture/Hamad/FGH6.npy,fan,hamad,Dataset\HandGesture\FanGesture\Hamad\FGH6
Processed Dataset/ProcessedHandGesture/FanGesture/Hamad/FGH7.png,Features/EffB7/HandGesture/FanGesture/Hamad/FGH7.npy,fan,hamad,Dataset\HandGesture\FanGesture\Hamad\FGH7
Processed Dataset/ProcessedHandGesture/FanGesture/Hamad/FGH8.png,Features/EffB7/HandGesture/FanGesture/Hamad/FGH8.npy,fan,hamad,Dataset\HandGesture\FanGesture\Hamad\FGH8
Processed Dataset/ProcessedHandGesture/FanGesture/Hamad/FGH9.png,Features/EffB7/HandGesture/FanGesture/Hamad/FGH9.npy,fan,hamad,Dataset\HandGesture\FanGesture\Hamad\FGH9
Processed Dataset/ProcessedHandGesture/FanGesture/Hamad/FGH10.png,Features/EffB7/HandGesture/FanGesture/Hamad/FGH10.npy,fan,hamad,Dataset\HandGesture\FanGesture\Hamad\FGH10
Processed Dataset/ProcessedHandGesture/FanGesture/Mohammad/FGM1.png,Features/EffB7/HandGesture/FanGesture/Mohammad/FGM1.npy,fan,mohammad,Dataset\HandGesture\FanGesture\Mohammad\FGM1
Processed Dataset/ProcessedHandGesture/FanGesture/Mohammad/FGM2.png,Features/EffB7/HandGesture/FanGesture/Mohammad/FGM2.npy,fan,mohammad,Dataset\HandGesture\FanGesture\Mohammad\FGM2
Processed Dataset/ProcessedHandGesture/FanGesture/Mohammad/FGM3.png,Features/EffB7/HandGesture/FanGesture/Mohammad/FGM3.npy,fan,mohammad,Dataset\HandGesture\FanGesture\Mohammad\FGM3
Processed Dataset/ProcessedHandGesture/FanGesture/Mohammad/FGM4.png,Features/EffB7/HandGesture/FanGesture/Mohammad/FGM4.npy,fan,mohammad,Dataset\HandGesture\FanGesture\Mohammad\FGM4
Processed Dataset/ProcessedHandGesture/FanGesture/Mohammad/FGM5.png,Features/EffB7/HandGesture/FanGesture/Mohammad/FGM5.npy,fan,mohammad,Dataset\HandGesture\FanGesture\Mohammad\FGM5
Processed Dataset/ProcessedHandGesture/FanGesture/Mohammad/FGM6.png,Features/EffB7/HandGesture/FanGesture/Mohammad/FGM6.npy,fan,mohammad,Dataset\HandGesture\FanGesture\Mohammad\FGM6
Processed Dataset/ProcessedHandGesture/FanGesture/Mohammad/FGM7.png,Features/EffB7/HandGesture/FanGesture/Mohammad/FGM7.npy,fan,mohammad,Dataset\HandGesture\FanGesture\Mohammad\FGM7
Processed Dataset/ProcessedHandGesture/FanGesture/Mohammad/FGM8.png,Features/EffB7/HandGesture/FanGesture/Mohammad/FGM8.npy,fan,mohammad,Dataset\HandGesture\FanGesture\Mohammad\FGM8
Processed Dataset/ProcessedHandGesture/FanGesture/Mohammad/FGM9.png,Features/EffB7/HandGesture/FanGesture/Mohammad/FGM9.npy,fan,mohammad,Dataset\HandGesture\FanGesture\Mohammad\FGM9
Processed Dataset/ProcessedHandGesture/FanGesture/Mohammad/FGM10.png,Features/EffB7/HandGesture/FanGesture/Mohammad/FGM10.npy,fan,mohammad,Dataset\HandGesture\FanGesture\Mohammad\FGM10
Processed Dataset/ProcessedHandGesture/FanGesture/Obaid/FGO1.png,Features/EffB7/HandGesture/FanGesture/Obaid/FGO1.npy,fan,obaid,Dataset\HandGesture\FanGesture\Obaid\FGO1
Processed Dataset/ProcessedHandGesture/FanGesture/Obaid/FGO2.png,Features/EffB7/HandGesture/FanGesture/Obaid/FGO2.npy,fan,obaid,Dataset\HandGesture\FanGesture\Obaid\FGO2
Processed Dataset/ProcessedHandGesture/FanGesture/Obaid/FGO3.png,Features/EffB7/HandGesture/FanGesture/Obaid/FGO3.npy,fan,obaid,Dataset\HandGesture\FanGesture\Obaid\FGO3
Processed Dataset/ProcessedHandGesture/FanGesture/Obaid/FGO4.png,Features/EffB7/HandGesture/FanGesture/Obaid/FGO4.npy,fan,obaid,Dataset\HandGesture\FanGesture\Obaid\FGO4
Processed Dataset/ProcessedHandGesture/FanGesture/Obaid/FGO5.png,Features/EffB7/HandGesture/FanGesture/Obaid/FGO5.npy,fan,obaid,Dataset\HandGesture\FanGesture\Obaid\FGO5
Processed Dataset/ProcessedHandGesture/FanGesture/Obaid/FGO6.png,Features/EffB7/HandGesture/FanGesture/Obaid/FGO6.npy,fan,obaid,Dataset\HandGesture\FanGesture\Obaid\FGO6
Processed Dataset/ProcessedHandGesture/FanGesture/Obaid/FGO7.png,Features/EffB7/HandGesture/FanGesture/Obaid/FGO7.npy,fan,obaid,Dataset\HandGesture\FanGesture\Obaid\FGO7
Processed Dataset/ProcessedHandGesture/FanGesture/Obaid/FGO8.png,Features/EffB7/HandGesture/FanGesture/Obaid/FGO8.npy,fan,obaid,Dataset\HandGesture\FanGesture\Obaid\FGO8
Processed Dataset/ProcessedHandGesture/FanGesture/Obaid/FGO9.png,Features/EffB7/HandGesture/FanGesture/Obaid/FGO9.npy,fan,obaid,Dataset\HandGesture\FanGesture\Obaid\FGO9
Processed Dataset/ProcessedHandGesture/FanGesture/Obaid/FGO10.png,Features/EffB7/HandGesture/FanGesture/Obaid/FGO10.npy,fan,obaid,Dataset\HandGesture\FanGesture\Obaid\FGO10
Processed Dataset/ProcessedHandGesture/FanGesture/Saif/FGS1.png,Features/EffB7/HandGesture/FanGesture/Saif/FGS1.npy,fan,saif,Dataset\HandGesture\FanGesture\Saif\FGS1
Processed Dataset/ProcessedHandGesture/FanGesture/Saif/FGS2.png,Features/EffB7/HandGesture/FanGesture/Saif/FGS2.npy,fan,saif,Dataset\HandGesture\FanGesture\Saif\FGS2
Processed Dataset/ProcessedHandGesture/FanGesture/Saif/FGS3.png,Features/EffB7/HandGesture/FanGesture/Saif/FGS3.npy,fan,saif,Dataset\HandGesture\FanGesture\Saif\FGS3
Processed Dataset/ProcessedHandGesture/FanGesture/Saif/FGS4.png,Features/EffB7/HandGesture/FanGesture/Saif/FGS4.npy,fan,saif,Dataset\HandGesture\FanGesture\Saif\FGS4
Processed Dataset/ProcessedHandGesture/FanGesture/Saif/FGS5.png,Features/EffB7/HandGesture/FanGesture/Saif/FGS5.npy,fan,saif,Dataset\HandGesture\FanGesture\Saif\FGS5
Processed Dataset/ProcessedHandGesture/FanGesture/Saif/FGS6.png,Features/EffB7/HandGesture/FanGesture/Saif/FGS6.npy,fan,saif,Dataset\HandGesture\FanGesture\Saif\FGS6
Processed Dataset/ProcessedHandGesture/FanGesture/Saif/FGS7.png,Features/EffB7/HandGesture/FanGesture/Saif/FGS7.npy,fan,saif,Dataset\HandGesture\FanGesture\Saif\FGS7
Processed Dataset/ProcessedHandGesture/FanGesture/Saif/FGS8.png,Features/EffB7/HandGesture/FanGesture/Saif/FGS8.npy,fan,saif,Dataset\HandGesture\FanGesture\Saif\FGS8
Processed Dataset/ProcessedHandGesture/FanGesture/Saif/FGS9.png,Features/EffB7/HandGesture/FanGesture/Saif/FGS9.npy,fan,saif,Dataset\HandGesture\FanGesture\Saif\FGS9
Processed Dataset/ProcessedHandGesture/FanGesture/Saif/FGS10.png,Features/EffB7/HandGesture/FanGesture/Saif/FGS10.npy,fan,saif,Dataset\HandGesture\FanGesture\Saif\FGS10
Processed Dataset/ProcessedHandGesture/LightGesture/Hamad/LGH1.png,Features/EffB7/HandGesture/LightGesture/Hamad/LGH1.npy,light,hamad,Dataset\HandGesture\LightGesture\Hamad\LGH1
Processed Dataset/ProcessedHandGesture/LightGesture/Hamad/LGH2.png,Features/EffB7/HandGesture/LightGesture/Hamad/LGH2.npy,light,hamad,Dataset\HandGesture\LightGesture\Hamad\LGH2
Processed Dataset/ProcessedHandGesture/LightGesture/Hamad/LGH3.png,Features/EffB7/HandGesture/LightGesture/Hamad/LGH3.npy,light,hamad,Dataset\HandGesture\LightGesture\Hamad\LGH3
Processed Dataset/ProcessedHandGesture/LightGesture/Hamad/LGH4.png,Features/EffB7/HandGesture/LightGesture/Hamad/LGH4.npy,light,hamad,Dataset\HandGesture\LightGesture\Hamad\LGH4
Processed Dataset/ProcessedHandGesture/LightGesture/Hamad/LGH5.png,Features/EffB7/HandGesture/LightGesture/Hamad/LGH5.npy,light,hamad,Dataset\HandGesture\LightGesture\Hamad\LGH5
Processed Dataset/ProcessedHandGesture/LightGesture/Hamad/LGH6.png,Features/EffB7/HandGesture/LightGesture/Hamad/LGH6.npy,light,hamad,Dataset\HandGesture\LightGesture\Hamad\LGH6
Processed Dataset/ProcessedHandGesture/LightGesture/Hamad/LGH7.png,Features/EffB7/HandGesture/LightGesture/Hamad/LGH7.npy,light,hamad,Dataset\HandGesture\LightGesture\Hamad\LGH7
Processed Dataset/ProcessedHandGesture/LightGesture/Hamad/LGH8.png,Features/EffB7/HandGesture/LightGesture/Hamad/LGH8.npy,light,hamad,Dataset\HandGesture\LightGesture\Hamad\LGH8
Processed Dataset/ProcessedHandGesture/LightGesture/Hamad/LGH9.png,Features/EffB7/HandGesture/LightGesture/Hamad/LGH9.npy,light,hamad,Dataset\HandGesture\LightGesture\Hamad\LGH9
Processed Dataset/ProcessedHandGesture/LightGesture/Hamad/LGH10.png,Features/EffB7/HandGesture/LightGesture/Hamad/LGH10.npy,light,hamad,Dataset\HandGesture\LightGesture\Hamad\LGH10
Processed Dataset/ProcessedHandGesture/LightGesture/Mohammad/LGM1.png,Features/EffB7/HandGesture/LightGesture/Mohammad/LGM1.npy,light,mohammad,Dataset\HandGesture\LightGesture\Mohammad\LGM1
Processed Dataset/ProcessedHandGesture/LightGesture/Mohammad/LGM2.png,Features/EffB7/HandGesture/LightGesture/Mohammad/LGM2.npy,light,mohammad,Dataset\HandGesture\LightGesture\Mohammad\LGM2
Processed Dataset/ProcessedHandGesture/LightGesture/Mohammad/LGM3.png,Features/EffB7/HandGesture/LightGesture/Mohammad/LGM3.npy,light,mohammad,Dataset\HandGesture\LightGesture\Mohammad\LGM3
Processed Dataset/ProcessedHandGesture/LightGesture/Mohammad/lGM4.png,Features/EffB7/HandGesture/LightGesture/Mohammad/lGM4.npy,light,mohammad,Dataset\HandGesture\LightGesture\Mohammad\lGM4
Processed Dataset/ProcessedHandGesture/LightGesture/Mohammad/LGM5.png,Features/EffB7/HandGesture/LightGesture/Mohammad/LGM5.npy,light,mohammad,Dataset\HandGesture\LightGesture\Mohammad\LGM5
Processed Dataset/ProcessedHandGesture/LightGesture/Mohammad/LGM6.png,Features/EffB7/HandGesture/LightGesture/Mohammad/LGM6.npy,light,mohammad,Dataset\HandGesture\LightGesture\Mohammad\LGM6
Processed Dataset/ProcessedHandGesture/LightGesture/Mohammad/LGM7.png,Features/EffB7/HandGesture/LightGesture/Mohammad/LGM7.npy,light,mohammad,Dataset\HandGesture\LightGesture\Mohammad\LGM7
Processed Dataset/ProcessedHandGesture/LightGesture/Mohammad/LGM8.png,Features/EffB7/HandGesture/LightGesture/Mohammad/LGM8.npy,light,mohammad,Dataset\HandGesture\LightGesture\Mohammad\LGM8
Processed Dataset/ProcessedHandGesture/LightGesture/Mohammad/LGM9.png,Features/EffB7/HandGesture/LightGesture/Mohammad/LGM9.npy,light,mohammad,Dataset\HandGesture\LightGesture\Mohammad\LGM9
Processed Dataset/ProcessedHandGesture/LightGesture/Mohammad/lGM10.png,Features/EffB7/HandGesture/LightGesture/Mohammad/lGM10.npy,light,mohammad,Dataset\HandGesture\LightGesture\Mohammad\lGM10
Processed Dataset/ProcessedHandGesture/LightGesture/Obaid/LGO1.png,Features/EffB7/HandGesture/LightGesture/Obaid/LGO1.npy,light,obaid,Dataset\HandGesture\LightGesture\Obaid\LGO1
Processed Dataset/ProcessedHandGesture/LightGesture/Obaid/LGO2.png,Features/EffB7/HandGesture/LightGesture/Obaid/LGO2.npy,light,obaid,Dataset\HandGesture\LightGesture\Obaid\LGO2
Processed Dataset/ProcessedHandGesture/LightGesture/Obaid/LGO3.png,Features/EffB7/HandGesture/LightGesture/Obaid/LGO3.npy,light,obaid,Dataset\HandGesture\LightGesture\Obaid\LGO3
Processed Dataset/ProcessedHandGesture/LightGesture/Obaid/LGO4.png,Features/EffB7/HandGesture/LightGesture/Obaid/LGO4.npy,light,obaid,Dataset\HandGesture\LightGesture\Obaid\LGO4
Processed Dataset/ProcessedHandGesture/LightGesture/Obaid/LGO5.png,Features/EffB7/HandGesture/LightGesture/Obaid/LGO5.npy,light,obaid,Dataset\HandGesture\LightGesture\Obaid\LGO5
Processed Dataset/ProcessedHandGesture/LightGesture/Obaid/LGO6.png,Features/EffB7/HandGesture/LightGesture/Obaid/LGO6.npy,light,obaid,Dataset\HandGesture\LightGesture\Obaid\LGO6
Processed Dataset/ProcessedHandGesture/LightGesture/Obaid/LGO7.png,Features/EffB7/HandGesture/LightGesture/Obaid/LGO7.npy,light,obaid,Dataset\HandGesture\LightGesture\Obaid\LGO7
Processed Dataset/ProcessedHandGesture/LightGesture/Obaid/LGO8.png,Features/EffB7/HandGesture/LightGesture/Obaid/LGO8.npy,light,obaid,Dataset\HandGesture\LightGesture\Obaid\LGO8
Processed Dataset/ProcessedHandGesture/LightGesture/Obaid/LGO9.png,Features/EffB7/HandGesture/LightGesture/Obaid/LGO9.npy,light,obaid,Dataset\HandGesture\LightGesture\Obaid\LGO9
Processed Dataset/ProcessedHandGesture/LightGesture/Obaid/LGO10.png,Features/EffB7/HandGesture/LightGesture/Obaid/LGO10.npy,light,obaid,Dataset\HandGesture\LightGesture\Obaid\LGO10
Processed Dataset/ProcessedHandGesture/LightGesture/Saif/LGS1.png,Features/EffB7/HandGesture/LightGesture/Saif/LGS1.npy,light,saif,Dataset\HandGesture\LightGesture\Saif\LGS1
Processed Dataset/ProcessedHandGesture/LightGesture/Saif/LGS2.png,Features/EffB7/HandGesture/LightGesture/Saif/LGS2.npy,light,saif,Dataset\HandGesture\LightGesture\Saif\LGS2
Processed Dataset/ProcessedHandGesture/LightGesture/Saif/LGS3.png,Features/EffB7/HandGesture/LightGesture/Saif/LGS3.npy,light,saif,Dataset\HandGesture\LightGesture\Saif\LGS3
Processed Dataset/ProcessedHandGesture/LightGesture/Saif/LGS4.png,Features/EffB7/HandGesture/LightGesture/Saif/LGS4.npy,light,saif,Dataset\HandGesture\LightGesture\Saif\LGS4
Processed Dataset/ProcessedHandGesture/LightGesture/Saif/LGS5.png,Features/EffB7/HandGesture/LightGesture/Saif/LGS5.npy,light,saif,Dataset\HandGesture\LightGesture\Saif\LGS5
Processed Dataset/ProcessedHandGesture/LightGesture/Saif/LGS6.png,Features/EffB7/HandGesture/LightGesture/Saif/LGS6.npy,light,saif,Dataset\HandGesture\LightGesture\Saif\LGS6
Processed Dataset/ProcessedHandGesture/LightGesture/Saif/LGS7.png,Features/EffB7/HandGesture/LightGesture/Saif/LGS7.npy,light,saif,Dataset\HandGesture\LightGesture\Saif\LGS7
Processed Dataset/ProcessedHandGesture/LightGesture/Saif/LGS8.png,Features/EffB7/HandGesture/LightGesture/Saif/LGS8.npy,light,saif,Dataset\HandGesture\LightGesture\Saif\LGS8
Processed Dataset/ProcessedHandGesture/LightGesture/Saif/LGS9.png,Features/EffB7/HandGesture/LightGesture/Saif/LGS9.npy,light,saif,Dataset\HandGesture\LightGesture\Saif\LGS9
Processed Dataset/ProcessedHandGesture/LightGesture/Saif/LGS10.png,Features/EffB7/HandGesture/LightGesture/Saif/LGS10.npy,light,saif,Dataset\HandGesture\LightGesture\Saif\LGS10
Processed Dataset/ProcessedHandGesture/ScreenGesture/Hamad/SGH1.png,Features/EffB7/HandGesture/ScreenGesture/Hamad/SGH1.npy,screen,hamad,Dataset\HandGesture\ScreenGesture\Hamad\SGH1
Processed Dataset/ProcessedHandGesture/ScreenGesture/Hamad/SGH2.png,Features/EffB7/HandGesture/ScreenGesture/Hamad/SGH2.npy,screen,hamad,Dataset\HandGesture\ScreenGesture\Hamad\SGH2
Processed Dataset/ProcessedHandGesture/ScreenGesture/Hamad/SGH3.png,Features/EffB7/HandGesture/ScreenGesture/Hamad/SGH3.npy,screen,hamad,Dataset\HandGesture\ScreenGesture\Hamad\SGH3
Processed Dataset/ProcessedHandGesture/ScreenGesture/Hamad/SGH4.png,Features/EffB7/HandGesture/ScreenGesture/Hamad/SGH4.npy,screen,hamad,Dataset\HandGesture\ScreenGesture\Hamad\SGH4
Processed Dataset/ProcessedHandGesture/ScreenGesture/Hamad/SGH5.png,Features/EffB7/HandGesture/ScreenGesture/Hamad/SGH5.npy,screen,hamad,Dataset\HandGesture\ScreenGesture\Hamad\SGH5
Processed Dataset/ProcessedHandGesture/ScreenGesture/Hamad/SGH6.png,Features/EffB7/HandGesture/ScreenGesture/Hamad/SGH6.npy,screen,hamad,Dataset\HandGesture\ScreenGesture\Hamad\SGH6
Processed Dataset/ProcessedHandGesture/ScreenGesture/Hamad/SGH7.png,Features/EffB7/HandGesture/ScreenGesture/Hamad/SGH7.npy,screen,hamad,Dataset\HandGesture\ScreenGesture\Hamad\SGH7
Processed Dataset/ProcessedHandGesture/ScreenGesture/Hamad/SGH8.png,Features/EffB7/HandGesture/ScreenGesture/Hamad/SGH8.npy,screen,hamad,Dataset\HandGesture\ScreenGesture\Hamad\SGH8
Processed Dataset/ProcessedHandGesture/ScreenGesture/Hamad/SGH9.png,Features/EffB7/HandGesture/ScreenGesture/Hamad/SGH9.npy,screen,hamad,Dataset\HandGesture\ScreenGesture\Hamad\SGH9
Processed Dataset/ProcessedHandGesture/ScreenGesture/Hamad/SGH10.png,Features/EffB7/HandGesture/ScreenGesture/Hamad/SGH10.npy,screen,hamad,Dataset\HandGesture\ScreenGesture\Hamad\SGH10
Processed Dataset/ProcessedHandGesture/ScreenGesture/Mohammad/SGM1.png,Features/EffB7/HandGesture/ScreenGesture/Mohammad/SGM1.npy,screen,mohammad,Dataset\HandGesture\ScreenGesture\Mohammad\SGM1
Processed Dataset/ProcessedHandGesture/ScreenGesture/Mohammad/SGM2.png,Features/EffB7/HandGesture/ScreenGesture/Mohammad/SGM2.npy,screen,mohammad,Dataset\HandGesture\ScreenGesture\Mohammad\SGM2
Processed Dataset/ProcessedHandGesture/ScreenGesture/Mohammad/SGM3.png,Features/EffB7/HandGesture/ScreenGesture/Mohammad/SGM3.npy,screen,mohammad,Dataset\HandGesture\ScreenGesture\Mohammad\SGM3
Processed Dataset/ProcessedHandGesture/ScreenGesture/Mohammad/SGM4.png,Features/EffB7/HandGesture/ScreenGesture/Mohammad/SGM4.npy,screen,mohammad,Dataset\HandGesture\ScreenGesture\Mohammad\SGM4
Processed Dataset/ProcessedHandGesture/ScreenGesture/Mohammad/SGM5.png,Features/EffB7/HandGesture/ScreenGesture/Mohammad/SGM5.npy,screen,mohammad,Dataset\HandGesture\ScreenGesture\Mohammad\SGM5
Processed Dataset/ProcessedHandGesture/ScreenGesture/Mohammad/SGM6.png,Features/EffB7/HandGesture/ScreenGesture/Mohammad/SGM6.npy,screen,mohammad,Dataset\HandGesture\ScreenGesture\Mohammad\SGM6
Processed Dataset/ProcessedHandGesture/ScreenGesture/Mohammad/SGM7.png,Features/EffB7/HandGesture/ScreenGesture/Mohammad/SGM7.npy,screen,mohammad,Dataset\HandGesture\ScreenGesture\Mohammad\SGM7
Processed Dataset/ProcessedHandGesture/ScreenGesture/Mohammad/SGM8.png,Features/EffB7/HandGesture/ScreenGesture/Mohammad/SGM8.npy,screen,mohammad,Dataset\HandGesture\ScreenGesture\Mohammad\SGM8
Processed Dataset/ProcessedHandGesture/ScreenGesture/Mohammad/SGM9.png,Features/EffB7/HandGesture/ScreenGesture/Mohammad/SGM9.npy,screen,mohammad,Dataset\HandGesture\ScreenGesture\Mohammad\SGM9
Processed Dataset/ProcessedHandGesture/ScreenGesture/Mohammad/SGM10.png,Features/EffB7/HandGesture/ScreenGesture/Mohammad/SGM10.npy,screen,mohammad,Dataset\HandGesture\ScreenGesture\Mohammad\SGM10
Processed Dataset/ProcessedHandGesture/ScreenGesture/Obaid/SGO1.png,Features/EffB7/HandGesture/ScreenGesture/Obaid/SGO1.npy,screen,obaid,Dataset\HandGesture\ScreenGesture\Obaid\SGO1
Processed Dataset/ProcessedHandGesture/ScreenGesture/Obaid/SGO2.png,Features/EffB7/HandGesture/ScreenGesture/Obaid/SGO2.npy,screen,obaid,Dataset\HandGesture\ScreenGesture\Obaid\SGO2
Processed Dataset/ProcessedHandGesture/ScreenGesture/Obaid/SGO3.png,Features/EffB7/HandGesture/ScreenGesture/Obaid/SGO3.npy,screen,obaid,Dataset\HandGesture\ScreenGesture\Obaid\SGO3
Processed Dataset/ProcessedHandGesture/ScreenGesture/Obaid/SGO4.png,Features/EffB7/HandGesture/ScreenGesture/Obaid/SGO4.npy,screen,obaid,Dataset\HandGesture\ScreenGesture\Obaid\SGO4
Processed Dataset/ProcessedHandGesture/ScreenGesture/Obaid/SGO5.png,Features/EffB7/HandGesture/ScreenGesture/Obaid/SGO5.npy,screen,obaid,Dataset\HandGesture\ScreenGesture\Obaid\SGO5
Processed Dataset/ProcessedHandGesture/ScreenGesture/Obaid/SGO6.png,Features/EffB7/HandGesture/ScreenGesture/Obaid/SGO6.npy,screen,obaid,Dataset\HandGesture\ScreenGesture\Obaid\SGO6
Processed Dataset/ProcessedHandGesture/ScreenGesture/Obaid/SGO7.png,Features/EffB7/HandGesture/ScreenGesture/Obaid/SGO7.npy,screen,obaid,Dataset\HandGesture\ScreenGesture\Obaid\SGO7
Processed Dataset/ProcessedHandGesture/ScreenGesture/Obaid/SGO8.png,Features/EffB7/HandGesture/ScreenGesture/Obaid/SGO8.npy,screen,obaid,Dataset\HandGesture\ScreenGesture\Obaid\SGO8
Processed Dataset/ProcessedHandGesture/ScreenGesture/Obaid/SGO9.png,Features/EffB7/HandGesture/ScreenGesture/Obaid/SGO9.npy,screen,obaid,Dataset\HandGesture\ScreenGesture\Obaid\SGO9
Processed Dataset/ProcessedHandGesture/ScreenGesture/Obaid/SGO10.png,Features/EffB7/HandGesture/ScreenGesture/Obaid/SGO10.npy,screen,obaid,Dataset\HandGesture\ScreenGesture\Obaid\SGO10
Processed Dataset/ProcessedHandGesture/ScreenGesture/Saif/SGS1.png,Features/EffB7/HandGesture/ScreenGesture/Saif/SGS1.npy,screen,saif,Dataset\HandGesture\ScreenGesture\Saif\SGS1
Processed Dataset/ProcessedHandGesture/ScreenGesture/Saif/SGS2.png,Features/EffB7/HandGesture/ScreenGesture/Saif/SGS2.npy,screen,saif,Dataset\HandGesture\ScreenGesture\Saif\SGS2
Processed Dataset/ProcessedHandGesture/ScreenGesture/Saif/SGS3.png,Features/EffB7/HandGesture/ScreenGesture/Saif/SGS3.npy,screen,saif,Dataset\HandGesture\ScreenGesture\Saif\SGS3
Processed Dataset/ProcessedHandGesture/ScreenGesture/Saif/SGS4.png,Features/EffB7/HandGesture/ScreenGesture/Saif/SGS4.npy,screen,saif,Dataset\HandGesture\ScreenGesture\Saif\SGS4
Processed Dataset/ProcessedHandGesture/ScreenGesture/Saif/SGS5.png,Features/EffB7/HandGesture/ScreenGesture/Saif/SGS5.npy,screen,saif,Dataset\HandGesture\ScreenGesture\Saif\SGS5
Processed Dataset/ProcessedHandGesture/ScreenGesture/Saif/SGS6.png,Features/EffB7/HandGesture/ScreenGesture/Saif/SGS6.npy,screen,saif,Dataset\HandGesture\ScreenGesture\Saif\SGS6
Processed Dataset/ProcessedHandGesture/ScreenGesture/Saif/SGS7.png,Features/EffB7/HandGesture/ScreenGesture/Saif/SGS7.npy,screen,saif,Dataset\HandGesture\ScreenGesture\Saif\SGS7
Processed Dataset/ProcessedHandGesture/ScreenGesture/Saif/SGS8.png,Features/EffB7/HandGesture/ScreenGesture/Saif/SGS8.npy,screen,saif,Dataset\HandGesture\ScreenGesture\Saif\SGS8
Processed Dataset/ProcessedHandGesture/ScreenGesture/Saif/SGS9.png,Features/EffB7/HandGesture/ScreenGesture/Saif/SGS9.npy,screen,saif,Dataset\HandGesture\ScreenGesture\Saif\SGS9
Processed Dataset/ProcessedHandGesture/ScreenGesture/Saif/SGS10.png,Features/EffB7/HandGesture/ScreenGesture/Saif/SGS10.npy,screen,saif,Dataset\HandGesture\ScreenGesture\Saif\SGS10
